Accession,Sex,Label,ASAP,Sequence,INTERNAL,INTERNAL,INTERNAL
1911074,M,agilis 'barbie pink',1,------------------tcaataagtttaattattcggatggaattgagatgtcctggtaaatgaattggtaacgatcagttatataattcatttgtaacggctcatgcttttttaataattttttttatagtaataccttttttaattgggggttttggaaattgattaatgccaatgatattaggatctcctgatatggcttttccacgaataaataatattagattttgattattaccttgttctttaatatttttattattaagaaatttatttactataactcctggaactggatggactgtttatcctcctttgtcattatatatatttcatccttcaccttctgttgatattataattttttctttgcatttgtcgggtatatcttcaattttaggggcaataaattttatagtaacaattataataataaaaaatttgtcaataaattttgatcaaattaatttattttcttgatctctttttattactgcagttttattattattatctttaccagtattggcaggagctattactatattattatttgatcgaaatttagatacctctttttttgatccaatgggaggaggtgatccaattttataccaacatttattttg------,,,
1911103,F,agilis7 'dark lavender',2,--------------------------tttaattattcgtatagaattaagatgccctggtaaatgaattggtaatgatcagttgtataattcatttgtaacagctcatgcttttttaataattttttttatagtaataccttttttaattgggggttttggaaattgattaataccaatgatattaggatctcctgatatggcttttccacgaataaataatattagattttgattattaccttgttctttaatatttttattattaagtaatttatttactataactcctggaactggatgaactatttatcctcctttgtcattatatatatttcatccttcaccttctgttgatattataattttttctttacatttgtcaggaatatcatcaattttaggggcaataaattttatagttacaattataataataaaaaatttgtcaataaattttgatcagattaatttattttcctgatctctttttattactgcagttttattattattatctttaccagtattagcaggggctattactatattgttatttgatcgaaatttaaatacctctttttttgatccaatgggaggaggtgatccaattttatatcaacatttattttg------,,,
1911108,F,agilis7 'dark lavender',2,---------------------------------------------------------------------------------------------------------------tttttaataattttttttatagtaataccttttttaattgggggttttggaaattgattaataccaatgatattaggatctcctgatatggcttttccacgaataaataatattagattttgattattaccttgttctttaatatttttattattaagtaatttatttactataactcctggaactggatgaactatttatcctcctttgtcattatatatatttcatccttcaccttctgttgatattataattttttctttacatttgtcaggaatatcatcaattttaggggcaataaattttatagttacaattataataataaaaaatttgtcaataaattttgatcagattaatttattttcctgatctctttttattactgcagttttattattattatctttaccagtattagcaggggctattactatattgttatttgatcgaaatttaaatacctctttttttgatccaatgggaggaggtgatccaattttatatcaacatttattttg------,,,
1927593,M,agilis5 'light lavender',1,---------------acttcaataagtttaattattcgtatggaattnagatgtcctggtaaatgaattggcaatgatcagttatataactcatttgtaacagctcatgcttttttgataattttttttatagtaataccttttttaattgggggttttggaaattgattaatgccaatgatattaggatctcctgatatggcttttccacgaataaataatattagattttgattattaccttgttctttaatatttttattattaagaaatttatttactataactcctggaactggatggactgtttatcctcctttatcattgtatatatttcatccttcaccttctgttgatattataattttttctttgcatttgtcaggaatatcttcaattttaggggcaataaattttatagttacaattataataataaaaaatttgtcaataaattttgatcaaattaatttattttcttgatctctttttattactgcagttttattattattatctttaccggtattagcaggggctatcactatattattatttgatcgaaatttaaatacctctttttttgatccaatgggaggaggtgatccaattttatatcaacatttattttg------,,,
1927766,F,agilis4 'bright purple',10,--------------------------tttaattattcggatggaattaacatgtcctggtaaatgaattggcaacgatcagttatataactcatttgtaacagctcatgcttttttaataattttttttatagtaataccttttttaattgggggttttggaaattgattaatgccaatgatattaggatctcctgatatggcttttccacaaataaataacattagattttgattattaccttgctctttaatatttttattattaagaaatttatttactataactcctggaactggatggactgtttatcctcctttgtcattatatatatttcatccttcaccttctgttgatattataattttttctttgcatttggcgggaatatcctcaattttaggggcaataaattttatagtaacaattataataataaaaaatttgtcaataaattttgatcaaattaatttattttcttgatctctttttatcactgcagttctattattattatctttaccggtattggcaggagctatcactatattatcatttgatcgaaatttaaatacctctttctttgagccgatgggaggaggtgatccaattctatacccacatttattctgat----,,,
1927798,M,agilis5 'light lavender',1,--------------------------tttaattattcgtatggaattaagatgtcctggtaaatgaattggcaatgatcagttatataactcatttgtaacagctcatgcttttttgataattttttttatagtaataccttttttaattgggggttttggaaattgattaatgccaatgatattaggatctcctgatatggcttttccacgaataaataatattagattttgattattaccttgttctttaatatttttattattaagaaatttatttactataactcctggaactggatggactgtttatcctcctttatcattgtatatatttcatccttcaccttctgttgatattataattttttctttgcatttgtcaggaatatcttcaattttaggggcaataaattttatagttacaattataataataaaaaatttgtcaataaattttgatcaaattaatttattttcttgatctctttttattactgcagttttattattattatctttaccggtattagcaggggctatcactatattattatttgatcgaaatttaaatacctctttttttgatccaatgggaggaggtgatccaattttatatcaacatttattttgat----,,,
1927860,M,agilis5 'light lavender',1,---------------acttcaataagtttaattattcgtatggaattaagatgtcctggtaaatgaattggcaatgatcagttatataactcatttgtaacagctcatgcttttttgataattttttttatagtaataccttttttaattgggggttttggaaattgattaatgccaatgatattaggatctcctgatatggcttttccacgaataaataacattagattttgattattaccttgttctttaatatttttattattaagaaatttatttactataactcctggaactggatggactgtttatcctcctttatcattgtatatatttcatccttcaccttctgttgatattataattttttctttgcatttgtcaggaatatcttcaattttaggggcaataaattttatagttacaattataataataaaaaatttgtcaataaattttgatcaaattaatttattttcttgatctctttttattactgcagttttattattattatctttaccggtattagcaggggctatcactatattattatttgatcgaaatttaaatacctctttttttgatccaatgggaggaggtgatccaattttatatcaacatttattttg------,,,
1927868,M,agilis3 'basal',1,------------------------------------------------------------------------------------tataattcatttgtaacggctcatgcttttttaataattttttttatagtaataccttttttaattgggggttttggaaattgattaatgccaatgatattaggatctcctgatatggcttttccacgaataaataatattagattttgattattaccttgttctttaatatttttattattaagaaatttatttactataactcctggaactggatggactgtttatcctcctttgnnannnnnnntatttcatccttcaccttctgnnnnnnnnnnaattttttctttgcatttgtcaggaatatcttcaattttaggggcaataaattttatagtaacaattataataataaaaaatttgtcaataaattttgatcaaattaatttattttcttgatctctttttattactgcagttttattattattatctttaccagtattggcaggagctattactatattattatttgatcgaaatttaaatacctctttttttgatccaatgggaggaggtgatccaattttatatcaacatttattttg------,,,
2018684,M,agilis 'grape',11,--------------------------tttaattattcggatggaattgagatgccctggtaaatgaattggtaacgatcagttatataattcatttgtaacggctcatgcttttttaataattttttttatagtaataccttttttaattgggggttttggaaattgattaatgcccatgaaattaggatctcctgatatggcttttcccccaataaataatattagattttgattattaccttgttctttaatatttttattattaagaaatttatttactataactcctggaactggatgaactgtttatcctcctttgtcattatatatatttcatccttcaccttctggtgatattataattttttctttccatttgtcgggaatatcttcaattttaggggcaataaattttatagtaacaattataataataaaaaatttgccaatcaattttgatcaaattaatttattttcttgatctctttttattactgcagttttattattattatctttaccagtattggcaggggctattactatattattatttgatccaaatttaaatccctctttttttgatccaaaggaaggaggtgatccgattttataccaccatttattttg------,,,
2019940,F,agilis5 'light lavender',1,----------------------------------------------------------------gaattggnaatgatcagttatataattcatttgtaacngctcatgcttttttaataattttttttatagtaataccttttttaattgggggttttggaaattgattaatgccaatgatattaggatctcctgatatggcttttccacgaataaataacattagattttgattattaccttgttctttaatatttttattattaagaaatttatttactataactcctggaactggatggactgtttatcctcctttatcattgtatatatttcatccttcaccttctgttgatattattattttttctttgcatttgtcaggaatatcttcaattttaggggcaataaattttatagtnacaattataataataaaaaatttgtcaataaattttgatcaaattaatttattttcttgatctctttttattactgcagttttattattattatctttaccgg----------------------------------------------------------------------------------------------------------------,,,
2019952,F,agilis3 'basal',1,-------------------------------------------------------------------------------------ataactcatttgtaacggctcatgcttttttgataattttttttatagtaataccttttttaattgggggttttggaaattgattaatgccaatgatattaggatctcctgatatggcttttccacgaataaataatattagattttgattattaccttgttctttaatatttttattattaagaaatttatttactataactcctggaactggatggactgtttatcctcctttnnnnnnnnnnatnnttcatccttcaccttctgnnnnnnnnnnaattttttctttgcatttgtcaggaatatcttcaattttaggggcaataaattttatagtaacaattataataataaaaaatttgtcaataaattttgatcaaattaatttattttcttgatctctttttattactgcagttttattattattatctttaccagtattagcaggagctattactatattattatttgatcgaaatttaaatacctctttttttgatccaatgggaggaggtgatccaattttatatcaacatttattttg------,,,
2019953,F,agilis5 'light lavender',1,-------------------------------------gtatggaattaagatgtcctggtaaatgaattggcaatgatcagttatataactcatttgtaacagctcatgcttttttgataattttttttatagtaataccttttttaattgggggttttggaaattgattaatgccaatgatattaggatctcctgatatggcttttccacgaataaataacattagattttgattattaccttgttctttaatatttttattattaagaaatttatttactataactcctggaactggatggactgtttatcctcctttatcattgtatatatttcatccttcaccttctgttgatattataattttttctttgcatttgtcaggaatatcttcaattttaggggcaataaattttatagttacaattataataataaaaaatttgtcaataaattttgatcaaattaatttattttcttgatctctttttattactgcagttttattattattatctttaccggtattagcaggggctatcactatattattatttgaccgaaatttaaatacctctttttttgatccaatgggaggaggtgatccaattttatatcaacatttattttg------,,,
2019979,M,agilis4 'bright purple',1,--------------------------tttaattattcggatggaattaagatgtcctggtaaatgaattggtaacgatcagttatataattcatttgtaacggctcatgcttttttaataattttttttatagtaataccttttttaattgggggttttggaaattgattaatgccaatgatattaggatctcctgatatggcttttccacgaataaataacattagattttgattattaccttgttctttaatatttttattattaagaaatttatttactataactcctggaactggatggactgtttatcctcctttgtcattgtatatatttcatccttcaccttctgttgatattataattttttctttgcatttgtcgggaatatcttcaattttaggggcaataaattttatagtaacaattataataataaaaaatttgtcaatcaattttgatcaaattaatttattttcttgatctctttttattactgcagttttattattattatctttaccggtattggcaggagctatcactatattattatttgaccgaaatttaaatacctctttttttgatccaatgggaggaggtgatccaattttataccaacatttattttgat----,,,
2019982,M,agilis5 'light lavender',1,---------------acttcaataagtttaattattcgtatggaattaagatgtcctggtaaatgaattggcaatgatcagttatataactcatttgtaacagctcatgcttttttgataattttttttatagtaataccttttttaattgggggttttggaaattgattaatgccaatgatattaggatctcctgatatggcttttccacgaataaataacattagattttgattattaccttgttctttaatatttttattattaagaaatttatttactataactcctggaactggatggactgtttatcctcctttatcattgtatatatttcatccttcaccttctgttgatattataattttttctttgcatttgtcaggaatatcttcaattttaggggcaataaattttatagttacaattataataataaaaaatttgtcaataaattttgatcaaattaatttattttcttgatctctttttattactgcagttttattattattatctttaccggtattagcaggggctatcactatattattatttgatcgaaatttaaatacctctttttttgatccaatgggaggaggtgatccaattttatatcaacatttattttg------,,,
2029772,M,agilis5 'light lavender',1,--------------------------tttaattattcgtatggaattaagatgtcctggtaaatgaattggcaatgatcagttatataactcatttgtaacagctcatgcttttttgataattttttttatagtaataccttttttaattgggggttttggaaattgattaatgccaatgatattaggatctcctgatatggcttttccacgaataaataatattagattttgattattaccttgttctttaatatttttattattaagaaatttatttactataactcctggaactggatggactgtttatcctcctttatcattgtatatatttcatccttcaccttctgttgatattataattttttctttgcatttgtcaggaatatcttcaattttaggggcaataaattttatagttacaattataataataaaaaatttgtcaataaattttgatcaaattaatttattttcttgatctctttttattactgcagttttattattattatctttaccggtattagcaggggctatcactatattattatttgatcgaaatttaaatacctctttttttgatccaatgggaggaggtgatccaattttatatcaacatttattttg------,,,
2030744,M,agilis6 'YBB',2,-------------------------------------agatggacttaagatgtcctggaaaatgaattggtaatgatcagttgtataactcatttgtaacagctcatgcttttttaataattttttttatagtaataccttttttaattgggggttttggaaattgattaataccaatgatattatgatctcctgatatggcttttccacgaataaataatattagattttgattattaccttgttctttaatatttttattattaagaaatttatttactataactcctggaactggatgaactatttaccctcctttgtcattatatatatttcatccttcaccttctgttgatattataattttttctttacatttgtcaggaatatcttcaattttaggggcaataaattttatagttacaattataataataaaaaatttgtcaataaattttgatcaaattaatttattttcctgatctctttttattactgcagttttattattattatctttaccagtattagcaggggctattactatattattatttgatcgaaatttaaatacctctttttttgatccaatgggaggaggtgatccaattttatatcaacatttattttg------,,,
2030961,M,agilis5 'light lavender',1,-------------------------------------gtatggaattnagatgtcctggtaaatgaattggcaatgatcagttatataactcatttgtaacagctcatgcttttttgataattttttttatagtaataccttttttaattgggggttttggaaattgattaatgccaatgatattaggatctcctgatatggcttttccacgaataaataatattagattttgattattaccttgttctttaatatttttattattaagaaatttatttactataactcctggaactggatggactgtttatcctcctttatcattgtatatatttcatccttcaccttctgttgatattataattttttctttgcatttgtcaggaatatcttcaattttaggggcaataaattttatagttacaattataataataaaaaatttgtcaataaattttgatcaaattaatttattttcttgatctctttttattactgcagttttattattattatctttaccggtattggcaggggctatcactatattattatttgatcgaaatttaaatacctctttttttgatccaatgggaggaggtgatccaattttatatcaacatttattttg------,,,
2030962,M,agilis7,2,---------------acttcaataagtttaattattcgtatagaattaagatgccctggtaaatgaattggtaatgatcagttgtataattcatttgtaacagctcatgcttttttaataattttttttatagtaataccttttttaattgggggttttggaaattgattaataccaatgatattaggatctcctgatatggcttttccacgaataaataatattagattttgattattaccttgttctttaatatttttattattaagnaatttatttactataactcctggaactggatgaactatttatcctcctttgtcattatatatatttcatccttcaccttctgttgatattataattttttctttacatttgtcaggaatatcatcaattttaggggcaataaattttatagttacaattataataataaaaaatttgtcaataaattttgatcagattaatttattttcctgatctctttttattactgcagttttattattattatctttaccagtattagcaggggctattactatattgttatttgatcgaaatttaaatacctctttttttgatccaatgggaggaggtgatccaattttatatcaacatttattttg------,,,
2030974,F,agilis7 'dark lavender',2,-----------------------------------------------------------------aattggtaatgatcagttgtataattcatttgtaacagctcatgcttttttaataattttttttatagtaataccttttttaattgggggttttggaaattgattaataccaatgatattaggatctcctgatatggcttttccacgaataaataatattagattttgattattaccttgttctttaatatttttattattaagaaatttatttactataactcctggaactggatgaactgtttatcctcctttgtcattatatatatttcatccttcaccttctgttgatattataattttttctttacatttgtcaggaatatcatcaattttaggggcaataaattttatagttacaattataataataaaaaatttgtcaataaattttgatcaaattaatttattttcctgatctctttttattactgcagttttattattattatctttaccagtattagcaggggctattactatattgttatttgatcgaaatttaaatacctctttttttgatccaatgggaggaggtgatccaattttatatcaacatttattttg------,,,
2031176,M,alone 'basal',4,--------------------------tttaattattcggatggaattaacatgtcctggtaaatgaattggtaacgatcagctatataattcatttgtaacggctcatgcttttttaataattttttttatagtaataccttttttaattgggggttttggaaattgattaatgccaatgatattaggatctcctgatatggcttttcctcgaataaataatattagattttgattattaccttgttctttaatgtttttattattaagaaatttatttactataactcctggaactggatggactgtttatcctcctttgtcattatatatatttcatccttcaccttctgttgatattataattttttctttacatttgtctggaatatcttcaattttaggagcaataaattttatagtaacaattataataataaaaaatttgtcaataaattttgatcaagttaatttattttcttgatcactttttattactgcagttttattactgttatctttaccggtattggcaggagctattactatattattatttgatcgaaatttaaatacttcattttttgatccaatgggaggaggtgatccaattttatatcaacatttattttgat----,,,
2031179,M,alone 'YBB',2,-----------------------------------------------------tcctggtaaatgaattggtaatgatcagttgtataactcatttgtaacagctcatgcttttttgataattttttttatagtaataccttttttaattgggggttttggaaattgattaataccaatgatattaggatctcctgatatggcttttccacgaataaataatattagattttgattattaccttgttctttaatatttttattattaagaaatttatttactataactcctggaactggatgaactatttaccctcctttgtcattatatatatttcatccttcaccttctgttgatattataattttttctttacatttgtcaggaatatcttcaattttaggggcaataaattttatagttacaattataataataaaaaatttgtcaataaattttgatcaaattaatttattttcctgatctctttttattactgcagttttattattattatctttaccagtattagcaggggctattactatattattatttgatcgaaatttaaatacctctttttttgatccaatgggaggaggtgatccaattttatatcaacatttattttg------,,,
2033052,M,agilis7 'dark lavender',2,--------------------------tttaattattcgtatagaattaagatgccctggaaaatgaattggtaatgatcagttgtataattcatttgtaacagctcatgcttttttaataattttttttatagtaataccttttttaattgggggttttggaaattgattaataccaatgatattaggatctcctgatatggcttttccacgaataaataatattagattttgattattaccttgttctttaatatttttattattaagtaatttatttactataactcctggaactggatgaactatttatcctcctttgtcattatatatatttcatccttcaccttctgttgatattataattttttctttacatttgtcaggaatatcatcaattttaggggcaataaattttatagttacaattataataataaaaaatttgtcaataaattttgatcagattaatttattttcctgatctctttttattactgcagttttattattattatctttaccagtattagcaggggctattactatattgttatttgatcgaaatttaaatacctctttttttgatccaatgggaggaggtgatccaattttatatcaacatttattttgat----,,,
2033053,M,agilis7 'dark lavender',2,---------------acttcaataagtttaattattcgtatagaattaagatgccctggtaaatgaattggtaatgatcagttgtataattcatttgtaacagctcatgcttttttaataattttttttatagtaataccttttttaattgggggttttggaaattgattaataccaatgatattaggatctcctgatatggcttttccacgaataaataatattagattttgattattaccttgttctttaatatttttattattaagnaatttatttactataactcctggaactggatgaactatttatcctcctttgtcattatatatatttcatccttcaccttctgttgatattataattttttctttacatttgtcaggaatatcatcaattttaggggcaataaattttatagttacaattataataataaaaaatttgtcaataaattttgatcagattaatttattttcctgatctctttttattactgcagttttattattattatctttaccagtattagcaggggctattactatattgttatttgatcgaaatttaaatacctctttttttgatccaatgggaggaggtgatccaattttatatcaacatttattttg------,,,
2033084,F,subagilis 'by peach',18,------ataattggnacttcaataagatttattattcgnatagaattaagatgtccaggnaaatgaattggnaatgatcaattatataattcatttgttacagctcatgcttttttaataattttttttatagttataccttttttaattggaggatttggaaattgattaatacctataatattaggatctcctgatatagcattcccacgaataaataatattagattttgattattaccttgttctttattatttttattantaagaaatttatttactataactcctggaacnggatgaactgtttatcctcctttatcntcttatatatttcatccttctccntcngtngatattataattttttctttacatttatcgggaatatcntcnattttaggttcaataaattttatagtaacnattataataataaaaaatttntcaaaaatttatgatcaaattaatttatttncntgatcnnnntttattacngctnttttattattattatctttaccagtnttggcnggagc-attactatnttataatttgatcgaaattnaaacactccnntttnggacccaatgggagggggnnancc-attttatacca-catttattttg------,,,
2033116,M,agilis6 'YBB',2,-------------------------------------ggatggagttaagatgtcctggtaaatgaattggtaatgatcagttgtataactcatttgtaacagctcatgcttttttgataattttttttatagtaataccttttttaattgggggttttggaaattgattaataccaatgatattaggatctcctgatatggcttttccacgaataaataatattagattttgattattaccttgttctttaatatttttattattaagaaatttatttactataactcctggaactggatgaactatttaccctcctttgtcattatatatatttcatccttcaccttctgttgatattataattttttctttacatttgtcaggaatatcttcaattttaggggcaataaattttatagttacaattataataataaaaaatttgtcaataaattttgatcaaattaatttattttcctgatctctttttattactgcagttttattattattatctttaccagtattagcaggggctattactatattattatttgatcgaaatttaaatacctctttttttgatccaatgggaggaggtgatccaattttatatcaacatttattttg------,,,
2033186,M,agilis6 'YBB',3,-------------------------------------gtatagaattaagatgtcctggtaaatgaattggtaatgatcagttgtataattcatttgtaacagctcatgcttttttaataattttttttatggtaataccttttttaattgggggttttgggaattgattaataccaatgatattaggatctcctgatatggcttttccacgaataaataatattagattttgattattaccttgttctttaatatttttattattaagtaatttatttactataactcctggaactggatgaactatttatcctcctttgtcattatatatttttcatccttcaccttctgttgatattataattttttctttacatttgtcaggaatatcctcaattttaggggcaataaattttatagttacaattataataataaaaaatttgtcaataaattttgatcagattaatttattttcctgatctctttttattactgcagttttactattgttatctttaccagtattagcaggggctattactatgttgttgtttgatcgaaatttaaatacctctttttttgatccaatgggaggaggtgatccaattttatatcaacatttattttg------,,,
2119346,M,agilis7 'dark lavender',2,--------------------------tttaattattcgtatagaattaagatgccctggtaaatgaattggtaatgatcagttgtataattcatttgtaacagctcatgcttttttaataattttttttatagtaataccttttttaattgggggttttggaaattgattaataccaatgatattaggatctcctgatatggcttttccacgaataaataatattagattttgattattaccttgttctttaatatttttattattaagtaatttatttactataactcctggaactggatgaactatttatcctcctttgtcattatatatatttcatccttcaccttctgttgatattataattttttctttacatttgtcaggaatatcatcaattttaggggcaataaattttatagttacaattataataataaaaaatttgtcaataaattttgatcagattaatttattttcctgatctctttttattactgcagttttattattattatctttaccagtattagcaggggctattactatattgttatttgatcgaaatttaaatacctctttttttgatccaatgggaggaggtgatccaattttatatcaacatttattttgat----,,,
18001001,F,agilis5 'light lavender',1,------------------------------------------------------------aaatgaattggnaatgatcagttatataantcatttgtaacagctcatgcttttttgataattttttttatagtaataccttttttaattggggggtttggaaattgattaataccaatgatattaggatctcctgatatggcttttccacgaataaataacattagattttgattattaccttgttctttaatatttttattattaagaaatttatttactataactcctggaactggatggactgtttatcctcctttatcattgtatatatttcatccttcaccttctgttgatattataattttttctttgcatttgtcaggaatatcttcaattttaggggcaataaattttatagttacaattataataataaaaaatttgtcaataaattttgatcaaattaatttattttcttgatctctttttattactgcagttttattattattatctttaccggtattagcaggggctatcactatattattatttgatcgaaatttaaatacctctttttttgatccaatgggaggaggtgatccaattttatatcaacatttattttg------,,,
18030003,F,subagilis 'by peach',14,--------------------------tttaatcattcggatggaattgagatgtcctggtaaatgaattggtaacgatcagttatataattcatttgtcacggctcatgcttttttaataattttttttatagcaataccttttttaagtgggggttttggaaattgattaatgccaatgatattaggatctcctgatttggcttttccacaaaaaaataaaattagattttgattattaccttgttctttaatatttttattattaagaaatttatttactacagctcctggaactggatggactgcttctcctcctttgtcattatatatatctcctccttcaccttctgttgatattattattttttctttgcattggacgggtatatcttcaagggtaggggcattaaattttatagtaacaattataataataaaaaatttgtcaataaattttgatcaaattattttattttcttgatctctttttattactgcagttttattattattatctttaccaggattggcaggagctattactatattattatttgatcgaaatttaaattcctctttttttgatccaatgggaggaggtgatccaattttataccaacatttattttg------,,,
18064001,F,agilis4 'bright purple',1,--------------------------tttaattattcggatggaattgagatgtcctggtaaatgaattggtaacgatcagttatataattcatttgtaacggctcatgcttttttaataattttttttatagtaataccttttttaattgggggttttggaaattgattaatgccaatgatattaggatctcctgatatggcttttccacgaataaataatattagattttgattattaccttgttctttaatatttttattattaagaaatttatttactataactcctggaactggatggactgtttatcctcctttgtcattatatatatttcatccttcaccttctgttgatattataattttttctttgcatttgtcgggaatatcttcaattttaggggcaataaattttatagtaacaattataataataaaaaatttgtcaataaattttgatcaaattaatttattttcttgatctctttttattactgcagttttattattattatctttaccggtattggcaggagctatcactatattattatttgatcgaaatttaaatacctctttttttgatccaatgggaggaggtgatccaattttataccaacatttattttgat----,,,
18161001,F,agilis5 'light lavender',1,-------------------------------------------------------------aatgaattggcaatgatcagttatataactcatttgtaacagctcatgcttttttgataattttttttatagtaataccttttttaattgggggttttggaaattgattaatgccaatgatattaggatctcctgatatggcttttccacgaataaataacattagattttgattattaccttgttctttaatatttttattattaagaaatttatttactataactcctggaactggatggactgtttatcctcctttatcattgtatatatttcatccttcaccttctgttgatattataattttttctttgcatttgtcaggaatatcttcaattttaggggcaataaattttatagttacaattataataataaaaaatttgtcaataaattttgatcaaattaatttattttcttgatctctttttattactgcagttttattattattatctttaccggtattagcaggggctatcactatattattatttgatcgaaatttaaatacctctttttttgatccaatgggaggaggtgatccaattttatatcaacatttattttg------,,,
18187007,F,agilis5 'light lavender',1,------------------------------------------------------cctggtaaatgaattggcaatgatcagttatataactcatttgtaacagctcatgcttttttgataattttttttatagtaataccttttttaattgggggttttggaaattgattaatgccaatgatattaggatctcctgatatggcttttccacgaataaataatattagattttgattattaccttgttctttaatatttttattattaagaaatttatttactataactcctggaactggatggactgtttatcctcctttgtcattatatatatttcatccttcaccttctgttgatattataattttttctttgcatttgtcaggaatatcttcaattttaggggcaataaattttatagttacaattataataataaaaaatttgtcaataaattttgatcaaattaatttattttcttgatctctttttattactgcagttttattattattatctttaccagtattagcaggggctattactatattattatttgatcgaaatttaaatacctctttttttgatccaatgggaggaggtgatccaattttatatcaacatttattttg------,,,
X,F,robustior,,,,,
18050008,F,robustior,12,ctgggtataattggtacttctatgagtttaattattcgaatagagttaaggtgtccaggtaaatgaattggtaatgatcaattgtataattcatttgtaacggctcatgcttttttaataattttttttatagtaataccttttttaattgggggttttggaaattgattaataccaataatattgggatctcctgatatggcttttcctcgaataaataatattagattttgattattaccttgttctttgatgtttttattattgagaaatttatttactataactcctggaactggatgaactgtttatcctcctttatcatcttatatatttcatccttctccttctgttgatgttataattttttctttacatttatctggtatatcttctattttaggggcaataaattttatggttacaattataataataaaaaatttgtcaataaattttgatcagattaatttattttcttgatctctttttattactgcggttttattattattatctttaccagtgttggcaggtgctattactatgttattatttgatcggaatttaaatacctctttttttgatccgatgggaggaggtgatccgattttatatcagcatttattttg------,Lori Humphreys,18.050.008,
2036160,F,robustior,12,--------aattggtacttctatgagtttaattattcgaatagagttaaggtgtccaggtaaatgaattggtaatgatcaattgtataattcatttgtaacggctcatgcttttttaataattttttttatagtaataccttttttaattgggggttttggaaattgattaataccaataatattgggatctcctgatatggcttttcctcgaataaataatattagattttgattattaccttgttctttgatgtttttattattgagaaatttatttactataactcctggaactggatgaactgtttatcctcctttatcatcttatatatttcatccttctccttctgttgatgttataattttttctttacatttatctggtatatcttcgattttaggggcaataaattttatggttacaattataataataaaaaatttgtcaataaattttgatcagattaatttattttcttgatctctttttattactgcggttttattattattatctttaccagtgttggcaggtgctattactatgttattatttgatcgaaatttaaatacctctttttttgatccgatgggaggaggtgatccaattttatatcaacatttattttg------,,,
2030441,F,robustior,12,--------aattggtacttctatgagtttaattattcgaatagagttaaggtgtccaggtaaatgaattggtaatgatcaattgtataattcatttgtaacggctcatgcttttttaataattttttttatagtaataccttttttaattgggggttttggaaattgattaataccaataatattgggatctcctgatatggcttttcctcgaataaataatattagattttgattattaccttgttctttgatgtttttattattgagaaatttatttactataactcctggaactggatgaactgtttatcctcctttatcatcttatatatttcatccttctccttctgttgatgttataattttttctttacatttatctggtatatcttcgattttaggggcaataaattttatggttacaattataataataaaaaatttgtcaataaattttgatcagattaatttattttcttgatctctttttattactgcggttttattattattatctttaccagtgttggcaggtgctattactatgttattatttgatcgaaatttaaatacctctttttttgatccgatgggaggaggtgatccgattttatatcaacatttattttg------,,,
2006026,F,robustior,12,--------aattggtacttctatgagtttaattattcgaatagagttaaggtgtccaggtaaatgaattggtaatgatcaattgtataattcatttgtaacggctcatgcttttttaataattttttttatagtaataccttttttaattgggggttttggaaattgattaataccaataatattgggatctcctgatatggcttttcctcgaataaataatattagattttgattattaccttgttctttgatgtttttattattgagaaatttatttactataactcctggaactggatgaactgtttatcctcctttatcatcttatatatttcatccttctccttctgttgatgttataattttttctttacatttatctggtatatcttcgattttaggggcaataaattttatggttacaattataataataaaaaatttgtcaataaattttgatcagattaatttattttcttgatctctttttattactgcggttttattattattatctttaccagtgttggcaggtgctattactatgttattatttgatcgaaatttaaatacctctttttttgatccgatgggaggaggtgatccgattttatatcaacatttattttg------,,,
1927867,M,robustior,12,---------------acttctatgagtttaattattcgaatagagttaaggtgtccaggtaaatgaattggtaatgatcaattgtataattcatttgtaacggctcatgcttttttaataattttttttatagtaataccttttttaattgggggttttggaaattgattaataccaataatattgggatctcctgatatggcttttcctcgaataaataatattagattttgattattaccttgttctttgatgtttttattattgagaaatttatttactataactcctggaactggatgaactgtttatcctcctttatcatcttatatatttcatccttctccttctgttgatgttataattttttctttacatttatctggtatatcttcgattttaggggcaataaattttatggttacaattataataataaaaaatttgtcaataaattttgatcagattaatttattttcttgatctctttttattactgcagttttattattattatctttaccagtgttggcaggtgctattactatgttattatttgatcgaaatttaaatacctctttttttgatccgatgggaggaggtgatccgattttatatcaacatttattttg------,,,
2017672,M,robustior,12,---------------acttctatgagtttaattattcgaatagagttacggtgtccaggtaaatgaattggtaatgatcaattgtataattcatttgtaacggctcatgcttttttaataattttttttatagtaataccttttttaattgggggttttggaaattgattaataccaataatattgggatctcctgatatggcttttcctcgaataaataatattagattttgattattaccttgttctttgatgtttttattattgagaaatttatttactataactcctggaactggatgaactgtttatcctcctttatcatcttatatatttcatccttctccttctgttgatgttataattttttctttacatttatctggtatatcttcgattttaggggcaataaattttatggttacaattataataataaaaaatttgtcaataaattttgatcagattaatttattttcttgatctctttttattactgcggttttattattattatctttaccagtgttggcaggtgctattactatgttattatttgatcgaaatttaaatacctctttttttgatccgatgggaggaggtgatccaattttatatcaacatttattttg------,,,
2019988,M,robustior,12,------------------tctatgagtttaattattcgaatagagttaaggtgtccaggtaaatgaattggtaatgatcaattgtataattcatttgtaacggctcatgcttttttaataattttttttatagtaataccttttttaattgggggttttggaaattgattaataccaataatattgggatctcctgatatggcttttcctcgaataaataatattagattttgattattaccttgttctttgatgtttttattattgagaaatttatttactataactcctggaactggatgaactgtttatcctcctttatcatcttatatatttcatccttctccttctgttgatgttataattttttctttacatttatctggtatatcttcgattttaggggcaataaattttatggttacaattataataataaaaaatttgtcaataaattttgatcagattaatttattttcttgatctctttttattactgcggttttattattattatctttaccagtgttggcaggtgctattactatgttattatttgatcgaaatttaaatacctctttttttgatccgatgggaggaggtgatccgattttatatcaacatttattttg------,,,
2045642,F,communis,17,--------agttggtacttcaataagtttaattattcgtatagagttgaggtgtcctggtaaatgaattaataatgatcaattatataattcatttgttacagctcatgcttttttaatgattttttttatggttataccttttttaattgggggttttggtaattgattaataccaataatattaggatctcctgatatagcttttcctcgaatgaataatattagattttgattacttccttgttctttattattattattattaaggaatttatttagggtaactccgggaacaggttgaactatttatcctccattatcatcatatatttttcatccttctccttcagttgatgtaataattttttctttacatttatctggtatatcctcaattttaggggcaataaattttatggtaacaattataataatgaaaaattactctatgaattttgatcagattaatttattttcttgatcattatttattacggctgtcttactattattatctttaccagtgttggcaggtgcaattactatattattatttgatcgtaatttaaatacttcattttttgaccctatagggggtggagatccaattttgtaccagcatttattttg------,,,
2005507,F,communis,17,-------------------------------------gtatagagttgaggtgtcctggtaaatgaattaataatgatcaattatataattcatttgttacagctcatgcttttttaataattttttttatggttataccttttttaattgggggttttggtaattgattaataccaataatattaggatctcctgatatagcttttcctcgaatgaataatattagattttgattacttccttgttctttattattattattattaaggaatttatttagggtaactccgggaacaggttgaactatttatcctccattatcatcatatatttttcatccttctccttcagttgatgtaataattttttctttacatttatctggtatatcctcaattttaggggcaataaattttatggtaacaattataataatgaaaaattactctatgaattttgatcagattaatttattttcttgatcattatttattacggctgtcttactattattatctttaccagtgttggcaggtgcaattactatattattatttgatcgtaatttaaatacttcattttttgaccctatagggggtggagatccaattttgtaccagcatttattttg------,,,
2045613,F,communis,17,--------agttggtacttcaataagtttaattattcgtatagagttgaggtgtcctggtaaatgaattaataatgatcaattatataattcatttgttacagctcatgcttttttaataattttttttatggttataccttttttaattgggggttttggtaattgattaataccaataatattaggatctcctgatatagctttccctcgaatgaataatattagattttgattacttccttgttctttattattattgttattaaggaatttatttagggtaactccgggaacaggttgaactatttatcctccattatcatcatatatttttcatccttctccttcagttgatgtaataattttttctttacatttatctggtatatcctcaattttaggggcaataaattttatggtaacaattataataatgaaaaattactctatgaattttgatcagattaatttattttcttgatcattatttattacggctgtcttactattattatctttaccagtgttggcaggtgcaattactatattattatttgatcgtaatttaaatacttcattttttgaccctatagggggtggagatccaattttgtaccagcatttattttg------,,,
2042162,M,communis,17,-------------------------------------------------------------------------------------------------ttacagctcatgctcttttaataattttttttacggttataccttttttaattgggggttttggtaattgattaataccaataatattaggatctcctgatatagcttttcctcgaatgaataatattagattttgattacttccttgttctttattattattattattaaggaatttatttagggtaactccgggaacaggttgaactatttatcctccattatcatcatatatttttcatccttctccttcagttgatgtaataattttttctttacatttatctggtatatcctcaattttaggggcaataaattttatggtaacaattataataatgaaaaattactctatgaattttgatcagattaatttattttcttgatcattatttattacggctgtcttactattattatctttaccagtgttggcaggtgcaattactatattattatttgatcgtaatttaaatacttcattttttgaccctatagggggtggagatccaattttgtaccagcatttattttg------,,,
2041819,M,communis,17,------------------tcaataagtttaattattcgtatagagttgaggtgtcctggtaaatgaattaataatgatcaattatataattcatttgttacagctcatgcttttttaataattttttttatggttataccttttttaattgggggttttggtaattgattaataccaataatattaggatctcctgatatagcttttcctcgaatgaataatattagattttgattacttccttgttctttattattattattattaaggaatttatttagggtaactccgggaacaggttgaactatttatcctccattatcatcatatatttttcatccttctccttcagttgatgtaataattttttctttacatttatctggtatatcctcaattttaggggcaataaattttatggtaacaattataataatgaaaaattactctatgaattttgatcagattaatttattttcttgatcattatttattacggctgtcttactattattatctttaccagtgttggcaggtgcaattactatattattatttgatcgtaatttaaatacttcattttttgaccctatagggggtggagatccaattttgtaccagcatttattttg------,,,
1921399,F,communis,,,,,
2003919,F,lupinus,,,,,
2013525,F,lupinus,16,-------------------------------------gaatagaattgaggtgtcctggaaaatgaattggtaatgatcaattatacaattcattcgtaacagctcatgcatttttaataattttttttatagttataccttttttaattggaggatttggaaattggcttataccaataatactaggttctcctgatatagcatttcctcgaataaataatattagattttgattattaccttgttcattgattttattattgctgagaaatttatttacaataactccgggaacaggatgaactatttatcctcctttatcattatttatatttcatccttcaccttccgttgatgttataattttttctttacatttatcaggaatttcatcaattttaggtgcaataaattttatagtaacaattataataataaaaaatctttcaataagttttgatcaaattaatttgttttcttgatctttatttattactgctattttattattattatctttacccgtgttggctggagcaattactatattgttatttgatcgaaatttgaatacttctttttttgatcctataggaggaggggatcctattttataccagcatttgttttg------,,,
2038368,F,stearnsi,15,-------------------------------------gtatagaattaagatgtcctggtaaatgaattggtaatgatcaattatataattcatttgtaacagctcatgcttttttaataattttttttatagtaataccttttttaattggaggatttggaaattgattaatacctataatattaggatcacctgatatggcttttcctcgaataaataatattagattttgattattaccttgttcattaatatttttattaataagaaatttatttacaataactccaggaacgggatgaactatttatcctcctttatcattatatatatttcatccttcaccttctgttgacattataattttttctttacatttatctggtatatcttcaattttaggtgcaataaattttatggtaacgattataataataaaaaatttatcaataaattttgatcaaattaatttattttcttgatcactttttattactgctattttattattattatctttaccagtgttggcaggagcaattactatattattatttgatcgaaatttgaatacttcattttttgatccaataggggggggtgatccaattttatatcaacatttattttg------,,,
2023468,F,lupinus,,,,,
2122530,F,rivalis,6,------ataattggtacttcaataagtttaattattcggatggaattgagatgtcctggtaaatgaattggtaatgatcagttatataattcatttgtaacagctcatgcttttttaataattttttttatagtaataccttttttaattgggggttttggaaattgattaatgccaataatattaggatctcctgatatggcttttccgcgaataaataatattagattttgattgttgccttgttctttagtatttttattattaagtaatttatttactataactcctggaactggatggactgtttatcctcctttgtcattatatacatttcatccttcgccttctgttgatattataattttttctttacatttgtcgggtatatcttcaattttaggggcaataaattttatagtaacaattataataataaaaaatttgtcaataaattttgatcaaattaatttattttcttgatctctttttattactgcagttttattattattgtctttaccagtgttggcaggagctattactatattattatttgatcggaatttaaatacctctttttttgatccaatggggggtggtgatccaattttatatcaacatttattttg------,,,
2022657,F,rivalis,6,------ataattggtacttcaataagtttaattattcggatggaattgagatgtcctggtaaatgaattggtaatgatcagttatataattcatttgtaacagctcatgcttttttaataattttttttatagtaataccttttttaattgggggttttggaaattgattaatgccaataatattaggatctcctgatatggcttttccgcgaataaataatattagattttgattgttgccttgttctttagtatttttattattaagtaatttatttactataactcctggaactggatggactgtttatcctcctttgtcattatatacatttcatccttcgccttctgttgatattataattttttctttacatttgtcgggtatatcttcaattttaggggcaataaattttatagtaacaattataataataaaaaatttgtcaataaattttgatcaaattaatttattttcttgatctctttttattactgcagttttattattattgtctttaccagtgttggcaggagctattactatattattatttgtcggaatttaaatacctctttttttgatccaatggggggtggtgatccaattttatatcaacatttattttg------,,,
1918440,F,rivalis,6,------ataattggtacttcaataagtttaattattcggatggaattgagatgtcctggtaaatgaattggtaatgatcagttatataattcatttgtaacagctcatgcttttttaataattttttttatagtaataccttttttaattgggggttttggaaattgattaatgccaataatattaggatctcctgatatggcttttccgcgaataaataatattagattttgattgttgccttgttctttagtatttttattattaagtaatttatttactataactcctggaactggatggactgtttatcctcctttgtcattatatacatttcatccttcgccttctgttgatattataattttttctttacatttgtcgggtatatcttcaattttaggggcaataaattttatagtaacaattataataataaaaaatttgtcaataaattttgatcaaattaatttattttcttgatctctttttattactgcagttttattattattgtctttaccagtgttggcaggagctattactatattattatttgatcggaatttaaatacctctttttttgatccaatggggggtggtgatccaattttatatcaacatttattttg------,,,
2122404,F,rivalis,6,------ataattggtacttcaataagtttaattattcggatggaattgagatgtcctggtaaatgaattggtaatgatcagttatataattcatttgtaacagctcatgcttttttaataattttttttatagtaataccttttttaattgggggttttggaaattgattaatgccaatgatattaggatctcctgatatggcttttccgcgaataaataatattagattttgattgttgccttgttctttagtatttttattattaaggaatttatttactataactcctggaactggatggactgtttatcctcctttgtcattatatatatttcatccttcaccttctgttgatattataattttttctttacatttgtcgggtatatcttcaattttaggggcaataaattttatagtaacaattataataataaaaaatttgtcaataaattttgatcaaattaatttattttcttgatctctttttattactgcagttttattattattgtctttaccagtgttggcaggagctattactatattattatttgatcggaatttaaatacctctttttttgatccaatggggggtggtgatccaattttatatcaacatttattttg------,,,
2018658,F,saponellus,13,------ataattggtacttcaataagtttaattattcgaatggaattgagatgtcctggtaaatgaattggcaatgatcaattatataattcatttgtaacggctcatgcttttttaataattttttttatagttataccttttttaattgggggttttggaaattggttaatgccaataatattggggtctcctgatatagcttttcctcgtatgaataatattagattttggttgttgccttgttctttagtatttttgttattaagaaatttatttactataactcctggaactggatggactgtttatcctcctttgtcatcttatatatttcatccttctccttctgttgatgttataattttttctttacatttgtctggtatgtcttcaattttgggtgcaataaattttatggtgacaattgcaatgataaaaaatttgtcaataaattttgatcaaattaatttattttcttgatctctttttattactgcggttttattattattatctttaccagtcttggcaggggctattactatattattatttgatcggaatttaaatacttctttctttgatccgatgggagggggtgatccaattttatatcaacatttattttg------,,,
1926561,F,saponellus,13,-------------------------------------gaatggaattgagatgtcctggtaaatggattggcaatgatcaattatataattcatttgtaacggctcatgcttttttaataattttttttatagttataccttttttaattgggggttttggaaattggttaatgccaataatattggggtctcctgatatagcttttcctcgtatgaataatattagattttggttgttgccttgttctttagtatttttgttattaagaaatttatttactataactcctggaactggatggactgtttatcctcctttgtcatcttatatatttcatccttctccttctgttgatgttataattttttctttacatttgtctggtatgtcttcaattttgggtgcaataaattttatggtgacaattgcaatgataaaaaatttgtcaataaattttgatcaaattaatttattttcttgatctctttttattactgcggttttattattattatctttaccagtcttggcaggggctattactatattattatttgatcggaatttaaatacttctttctttgatccgatgggagggggtgatccaattttatatcaacatttattttg------,,,
2033004,F,saponellus,13,-------------------------------------gaatggaattgagatgtcctggtaaatgaattggcaatgatcaattatataattcatttgtaacggctcatgcttttttaataattttttttatagttataccttttttaattgggggttttggaaattggttaatgccaataatattggggtctcctgatatagcttttcctcgtatgaataatattagattttggttgttgccttgttctttagtatttttgttattaagaaatttatttactataactcctggaactggatggactgtttatcctcctttgtcatcttatatatttcatccttctccttctgttgatgttataattttttctttacatttgtctggtatgtcttcaattttgggtgcaataaattttatggtgacaattgcaatgataaaaaatttgtcaataaattttgatcaaattaatttattttcttgatctctttttattactgcggttttattgttattatctttaccagtcttggcaggggctattactatattattatttgatcggaatttaaatacttctttctttgatccgatgggagggggtgatccaattttatatcaacatttattttg------,,,
2033185,F,utahensis,7,------ataattggtacttcaataagtttaattattcgtatggaattaagatgtcctggtaaatgaattggtaatgatcagttatataattcatttgtaacggctcatgcttttttaataattttttttatagtaataccttttttgattgggggttttggaaattggttaatgccaataatattaggatctcctgatatggcttttccacgaatgaataatattagattttgattgttaccttgttctttaatgtttttattattaagaaatttatttactataactcctggaactggatggactgtttatcctcctttgtcattatatatatttcatccttcaccttctgttgatattataattttttctttgcatttgtcgggtatatcttcaattttaggagcaataaattttatagtaacaattataataataaaaaatttgtcaataaattttgatcagattaatttattttcttgatctctttttattactgcagttttattattgttatctttaccagtgttggcaggagctattactatattattatttgatcgaaatttaaatacttctttttttgatccaataggaggaggtgatccaattttatatcaacatttattttg------,,,
2030055,F,utahensis,7,-------------------------------------gtatggaattaagatgtcctggtaaatgaattggtaatgatcagttatataattcatttgtaacggctcatgcttttttaataattttttttatagtaataccttttttgattgggggttttggaaattggttaatgccaataatattaggatctcctgatatggcttttccacgaatgaataatattagattttgattgttaccttgttctttaatgtttttattattaagaaatttatttactataactcctggaactggatggactgtttatcctcctttgtcattatatatatttcatccttcaccttctgttgatattataattttttctttgcatttgtcgggtatatcttcaattttaggagcaataaattttatagtaacaattataataataaaaaatttgtcaataaattttgatcagattaatttattttcttgatctctttttattactgcagttttattattgttatctttaccagtgttggcaggagctattactatattattatttgatcgaaatttaaatacttctttttttgatccaataggaggaggtgatccaattttatatcaacatttattttg------,,,
2030936,F,utahensis,4,------ataattggtacttcaataagtttaattattcggatggaattaagatgtcctggtaaatgaattggtaacgatcagttatataattcatttgtaacggctcatgcttttttaataattttttttatagtaataccttttttaattgggggttttggaaattgattaatgccaatgatattaggatctcctgatatggcttttcctcgaataaataatattagattttgattattaccttgttctttaatgtttttattattaagaaatttatttactataactcctggaactggatggactgtttatcctcctttgtcattatatatatttcatccttcaccttctgttgatattataattttttctttacatttgtctggaatatcttcaattttaggagcaataaattttatagtaacaattataataataaaaaatttgtcaataaattttgatcaaattaatttattttcttgatctctttttattactgcagttttattattgttatctttaccggtattggcaggagctattactatattattatttgatcgaaatttaaatacttctttttttgatccaatgggaggaggtgatccaattttatatcaacatttattttg------,,,
2031174,M,utahensis,7,-------------------------------------gtatggaattgagatgtcctggtaaatgaattggtaacgatcagttatataattcatttgtaacggctcatgcttttttaataattttttttatagtaataccttttttgattgggggttttggaaattggttaatgccaataatattaggatctcctgatatggcttttccacgaataaataatattagattttgattgttaccttgttctttaatgtttttattattaagaaatttatttactataactcctggaactggatggactgtttatccacctttgtcattatatatatttcatccttcaccttctgttgatattataattttttctttgcatttgtcgggtatatcttcaattttaggagcaataaattttatagtaacaattataataataaaaaatttgtcaataaattttgatcaaattaatttattttcttgatctctttttattactgcagttttattgttgttatctttaccagtgttggcaggagctattactatattattatttgatcgaaatttaaatacttctttttttgatccaataggaggaggtgatccaattttatatcaacatttgttttg------,,,
1924132,F,bimatris,5,-------taattggtacttcaataagtttaattattcgtatggaattgagatgtcctggtaaatgaattggcaatgatcaattatataattcatttgtaacggctcatgcttttttaataattttttttatagtgataccttttttaattgggggttttggaaattgattaatgccaatgatgttaggatctcctgatatggcttttccacgaataaataatattagattttgattattaccttgttctttaatgtttttattattaagaaatttatttactataactcctggaactggatggactgtttaccctcctttgtcattatatatatttcatccttcaccttctgttgatattataattttttctttacatttgtcaggaatatcttcaattttaggagcaataaattttatagtaacaattataataataaaaaatttgtcaataaattttgatcaaattaatttattttcttgatctctttttattactgcagttttattattgttatctttaccggttttggcaggtgctattactatattattatttgatcgaaatttaaatacctctttttttgatccaatgggaggaggtgatccaattttatatcaacatttattttg------,,,
1925743,F,bimatris,5,------ataattggtacttcaataagtttaattattcgtatggaattgagatgtcctggtaaatgaattggcaatgatcaattatataattcatttgtaacggctcatgcttttttaataattttttttatagtgataccttttttaattgggggttttggaaattgattaatgccaatgatgttaggatctcctgatatggcttttccacgaataaataatattagattttgattattaccttgttctttaatgtttttattattaagaaatttatttactataactcctggaactggatggactgtttaccctcctttgtcattatatatatttcatccttcaccttctgttgatattataattttttctttacatttgtcaggaatatcttcaattttaggagcaataaattttatagtaacaattataataataaaaaatttgtcaataaattttgatcaaattaatttattttcttgatctctttttattactgcagttttattattgttatctttaccggttttggcaggtgctattactatattattatttgatcgaaatttaaatacctctttttttgatccaatgggaggaggtgatccaattttatatcaacatttattttg------,,,
1928981,F,bimatris,5,------ataattggtacttcaataagtttaattattcgtatggaattgagatgtcctggtaaatgaattggcaatgatcaattatataattcatttgtaacggctcatgcttttttaataattttttttatagtgataccttttttaattgggggttttggaaattgattaatgccaatgatgttaggatctcctgatatggcttttccacgaataaataatattagattttgattattaccttgttctttaatgtttttattattaagaaatttatttactataactcctggaactggatggactgtttaccctcctttgtcattatatatatttcatccttcaccttctgttgatattataattttttctttacatttgtcaggaatatcttcaattttaggagcaataaattttatagtaacaattataataataaaaaatttgtcaataaattttgatcaaattaatttattttcttgatctctttttattactgcagttttattattgttatctttaccggttttggcaggtgctattactatattattatttgatcgaaatttaaatacctctttttttgatccaatgggaggaggtgatccaattttatatcaacatttattttg------,,,
18029014,M,bimatris,5,-----------------------------------------------------------------------------tcaattatataattcatttgtaacggctcatgcttttttaataattttttttatagtgataccttttttaattgggggttttggaaattgattaatgccaatgatgttaggatctcctgatatggcttttccacgaataaataatattagattttgattattaccttgttctttaatgtttttattattaagaaatttatttactataactcctggaactggatggactgtttaccctcctttgtcannnnatatatttcatccttcaccttctgttgatattataattttttctttacatttgtcaggaatatcttcaattttaggagcaataaattttatagtaacaattataataataaaaaatttgtcaataaattttgatcaaattaatttattttcttgatctctttttattactgcagttttattattgttatctttaccggttttggcaggtgctattactatattattatttgatcgaaatttaaatacctctttttttgatccaatgggaggaggtgatccaattttatatcaacatttattttg------,Rocky Bessette,,
2046888,M,bimatris,5,------------------tcaataagtttaattattcgtatggaattgagatgtcctggtaaatgaattggcaatgatcaattatataattcatttgtaacggctcatgcttttttaataattttttttatagtgataccttttttaattgggggttttggaaattgattaatgccaatgatgttaggatctcctgatatggcttttccacgaataaataatattagattttgattattaccttgttctttaatatttttattattaagaaatttatttactataactcctggaactggatggactgtttatcctcctttgtcattatatatatttcatccttcaccttctgttgatattataattttttctttacatttgtcaggaatatcttcaattttaggagcaataaattttatagtaacaattataataataaaaaatttgtcaataaattttgatcaaattaatttattttcttgatctctttttattactgcagttttattattgttatctttgccggtgttggcaggtgctattactatattattatttgatcgaaatttaaatacctctttttttgatccaataggaggaggtgatccaattttataccaacatttattttg------,,,
18187012,M,bimatris,5,--------------------------------------------------------------------------------------------------------tcatgcttttttaataattttttttatagtgataccttttttaattgggggttttggaaattgattaatgccaatgatgttaggatctcctgatatggcttttccacgaataaataatattagattttgattattaccttgttctttaatgtttttattattaagaaatttatttactataactcctggaactggatggactgtttaccctcctttgtcattatatatatttcatccttcaccttcngttgatattataattttttctttacatttgtcaggaatatcttcaattttaggagcaataaattttatagtaacaattataataataaaaaatttgtcaataaattttgatcaaattaatttattttcttgatctctttttattactgcagttttattattgttatctttaccggtattggcaggtgctattactatattattatttgatcgaaatttaaatacctctttttttgatccaatgggaggaggtgatccaattttatatcaacatttattttg------,G.Pederson,,
2031355,M,bimatris,9,---------------------------------------------------------------------------------ttgtataattcatttgtaacggctcatgcttttttaataattttttttatagtgataccttttttaattgggggttttggaaattgattaatgccaatgatgttaggatctcctgatatggcttttccacgaataaataatattagattttgattattaccttgttctttaatatttttattattaagaaatttatttactataactcctggaactggatggactgtttatcctcctttgnnnnnnnnngtgtttcatccttcaccttctgaaggggggataattttttctttacatttgtcaggaatatcttcaattttaggagcaataaattttatagtaacaattataataataaaaaatttgtcaataaattttgatcaaattaatttattttcttgatctctttttattactgcagttttgttattgttatctttgccggtgttggcaggtgctattactatattattatttgatcgaaatttaaatacctctttttttgatccaataggaggaggtgatccaattttataccaacatttattttg------,,,
2031201,M,semilupinus,8,-------------------------------------------------------------------------------aattgtataattcatttgtaacagctcatgcttttttaataattttttttatagttataccttttttaattggaggttttggaaattgattaataccaataatattaggatctcctgatatggcttttccacgaataaataatattagattttgattattaccttgttctttaatatttttattattaagaaatttatttactataactcctggaaccggatgaactatttatcctcctttatcannnnnnatatttcatccttcaccttctgttnnnnnnataattttttctttacatttgtcgggtatatcttcaattttaggggcaataaattttatagtgacaattataataataaaaaatttgtcaataaattttgatcaaattaatttattttcttgatctctttttattactgcagttttattattattatctttaccagtattggcaggagctattactatattattatttgatcggaatttaaatacctctttttttgatccaataggaggaggtgatccaattttataccaacatttattttg------,,,
1924358,M,semilupinus,8,------------------tcaataagtttaattattcgtatggaattaagatgtcctggtaaatggattggtaacgatcaattgtataattcatttgtaacagctcatgcttttttaataattttttttatagttataccttttttaattggaggttttggaaattgattaataccaataatattaggatctcctgatatggcttttccacgaataaataatattagattttgattattaccttgttctttaatatttttattattaagaaatttatttactataactcctggaaccgggtgaactatttatcctcctttatcatcatatatatttcatccttcaccttctgttgatattataattttttctttacatttgtcgggtatatcttcaattttaggggcaataaattttatagtgacaattataataataaaaaatttgtcaataaattttgatcaaattaatttattttcttgatctctttttattactgcagttttattattattatctttaccagtattggcaggagctattactatattattatttgatcggaatttaaatacctctttttttgatccaataggaggaggtgatccaattttataccaacatttattttg------,,,
1913332,F,microstictus,,,Lindh,July 23 2019,Line 21
1907011,M,microstictus,,,Lindh,June 18,lines 1-3
1911624,F,clarkiae,,,Lindh,July 19,lines 13-15
1913361,M,lupinus,,,Lindh,July 24,lines 23 or 24